<?xml version="1.0" encoding="UTF-8" standalone="yes"?>
<addon id="repository.voorbeeld" name="Voorbeeld Repository" version="1.0.0" provider-name="Voorbeeld">
   <extension point="xbmc.addon.repository" name="Voorbeeld Repository">
		<dir>
			<info compressed="false">https://raw.githubusercontent.com/tnt63/plugins/master/addons.xml</info>
			<checksum>https://raw.githubusercontent.com/tnt63/plugins/master/addons.xml.md5</checksum>
			<datadir zip="true">https://raw.githubusercontent.com/tnt63/plugins/master/</datadir>
		</dir>
	</extension>
	<extension point="xbmc.addon.metadata">
    <summary lang="en">Voorbeeld Repo</summary>
    <description lang="en">Dit is een voorbeeld repo met de youtube addon voor Kodi</description>
    <platform>all</platform>
  </extension>
</addon>